Date,ACWI ex SWEDEN IMI
2015-12-11,2301.186787189649
2015-12-14,2285.8857665466567
2015-12-15,2328.2863153394437
2015-12-16,2354.7508035087517
2015-12-17,2364.1554203445385
2015-12-18,2333.4499891736386
2015-12-21,2324.974667165785
2015-12-22,2329.7281129221715
2015-12-23,2377.5840774465055
2015-12-24,2364.028796439238
2015-12-25,2363.2576467185245
2015-12-28,2355.9814942444355
2015-12-29,2390.209662370311
2015-12-30,2375.197650882915
2015-12-31,2369.624799461808
2016-01-01,2369.685259648573
2016-01-04,2334.7441819524097
2016-01-05,2353.0330495949597
2016-01-06,2317.5183000811485
2016-01-07,2249.7046775401463
2016-01-08,2215.772354686563
2016-01-11,2215.3573490795916
2016-01-12,2224.6593030328677
2016-01-13,2198.175792098298
2016-01-14,2203.791417287588
2016-01-15,2142.6119104057775
2016-01-18,2146.4745360905854
2016-01-19,2151.077474413215
2016-01-20,2110.8062483966482
2016-01-21,2130.186402635932
2016-01-22,2186.4798668665067
2016-01-25,2166.244716916586
2016-01-26,2180.1550714404666
2016-01-27,2172.1112996537804
2016-01-28,2162.0943411234366
2016-01-29,2230.41656933052
2016-02-01,2222.067109054952
2016-02-02,2181.92251297431
2016-02-03,2153.3931595792114
2016-02-04,2144.9129902146046
2016-02-05,2117.862182620002
2016-02-08,2083.811440069537
2016-02-09,2039.4832274022892
2016-02-10,2058.3793357384675
2016-02-11,2005.8792484315115
2016-02-12,2043.022720890637
2016-02-15,2087.274162631219
2016-02-16,2109.857885303489
2016-02-17,2143.4349402498406
2016-02-18,2153.459295043305
2016-02-19,2144.866019034215
2016-02-22,2187.2682287067187
2016-02-23,2165.8945976856658
2016-02-24,2158.5540523168047
2016-02-25,2180.286277698096
2016-02-26,2204.497435008714
2016-02-29,2208.997861486307
2016-03-01,2249.4689358345317
2016-03-02,2278.3975850862175
2016-03-03,2274.546265012247
2016-03-04,2275.1426227212164
2016-03-07,2282.3044502312264
2016-03-08,2246.2334249472624
2016-03-09,2260.535934545951
2016-03-10,2232.2394602237196
2016-03-11,2269.1653865000562
2016-03-14,2282.1198042777264
2016-03-15,2265.98285662165
2016-03-16,2277.975492934124
2016-03-17,2264.4710321915236
2016-03-18,2276.3275236738764
2016-03-21,2281.06709252324
2016-03-22,2288.400894286248
2016-03-23,2279.4849262356734
2016-03-24,2269.838742667806
2016-03-25,2271.153659841332
2016-03-28,2265.904755645577
2016-03-29,2286.510210935398
2016-03-30,2277.7488673847024
2016-03-31,2265.642812189738
2016-04-01,2263.316507783452
2016-04-04,2256.4199896235277
2016-04-05,2226.9894951963875
2016-04-06,2244.765975126363
2016-04-07,2229.717253771407
2016-04-08,2239.6508907129546
2016-04-11,2235.160337865519
2016-04-12,2264.915409288146
2016-04-13,2314.9738777792554
2016-04-14,2326.4067330184466
2016-04-15,2318.2846322953706
2016-04-18,2317.331477084201
2016-04-19,2331.2657812355747
2016-04-20,2341.2922052611525
2016-04-21,2345.67784127039
2016-04-22,2349.980981192044
2016-04-25,2338.026558423973
2016-04-26,2335.795532945526
2016-04-27,2336.952861647138
2016-04-28,2326.0079816211464
2016-04-29,2289.9082054451246
2016-05-02,2282.8879766294895
2016-05-03,2257.248476032154
2016-05-04,2242.8910820940137
2016-05-05,2257.134674159152
2016-05-06,2254.9213719346276
2016-05-09,2257.8718467405142
2016-05-10,2283.7990459657863
2016-05-11,2266.314806509312
2016-05-12,2267.9930664258277
2016-05-13,2269.005772202963
2016-05-16,2278.7027849864558
2016-05-17,2270.8863216250843
2016-05-18,2279.551970751252
2016-05-19,2275.1608846641243
2016-05-20,2291.037945362221
2016-05-23,2290.9873189937684
2016-05-24,2322.234415240446
2016-05-25,2346.8648190809186
2016-05-26,2343.360819731055
2016-05-27,2362.015262054697
2016-05-30,2361.3776939303043
2016-05-31,2361.246870104394
2016-06-01,2351.735697007246
2016-06-02,2357.3675071677258
2016-06-03,2329.518768201871
2016-06-06,2334.9758382452787
2016-06-07,2351.000554075381
2016-06-08,2352.0462663422154
2016-06-09,2352.2041538361896
2016-06-10,2324.6443915867
2016-06-13,2294.6490147381624
2016-06-14,2292.263939544519
2016-06-15,2293.1372911518943
2016-06-16,2300.984384250039
2016-06-17,2291.885911139395
2016-06-20,2313.8997268678154
2016-06-21,2333.4132185134363
2016-06-22,2330.6798841350674
2016-06-23,2348.3294543305806
2016-06-24,2283.2905753730333
2016-06-27,2261.0867699804558
2016-06-28,2284.4810284125338
2016-06-29,2323.632576954734
2016-06-30,2350.209914156749
2016-07-01,2356.4027748561075
2016-07-04,2357.5787631384537
2016-07-05,2339.830493280703
2016-07-06,2339.333087712226
2016-07-07,2345.804508133894
2016-07-08,2378.6601761822762
2016-07-11,2399.9855202049384
2016-07-12,2415.9678590641133
2016-07-13,2413.411133014188
2016-07-14,2426.342798371144
2016-07-15,2430.711445379309
2016-07-18,2437.132888349145
2016-07-19,2441.958287936054
2016-07-20,2454.3731267988805
2016-07-21,2454.7818315107206
2016-07-22,2461.3349997136197
2016-07-25,2458.1166320822585
2016-07-26,2460.082918548159
2016-07-27,2460.960233667318
2016-07-28,2442.7380148816487
2016-07-29,2438.8558222917586
2016-08-01,2438.517022704263
2016-08-02,2411.1715734638638
2016-08-03,2416.5533857352266
2016-08-04,2431.97746471733
2016-08-05,2461.3877940089733
2016-08-08,2467.526410810519
2016-08-09,2470.793464739247
2016-08-10,2459.258179439012
2016-08-11,2467.9405299637065
2016-08-12,2469.7753878214094
2016-08-15,2472.6304882668974
2016-08-16,2447.920323739386
2016-08-17,2443.15890757237
2016-08-18,2441.508258338201
2016-08-19,2434.729526499323
2016-08-22,2433.224569340409
2016-08-23,2443.5565883913405
2016-08-24,2446.755552759317
2016-08-25,2435.9516197155986
2016-08-26,2435.5037588463424
2016-08-29,2458.3000752106213
2016-08-30,2460.2749152599017
2016-08-31,2456.6330401140426
2016-09-01,2449.458325807139
2016-09-02,2472.8943177040737
2016-09-05,2483.2827559789866
2016-09-06,2477.8825054798126
2016-09-07,2481.0861342159455
2016-09-08,2470.880720201327
2016-09-09,2432.244030212826
2016-09-12,2434.2497267256063
2016-09-13,2401.823252495612
2016-09-14,2397.340430931487
2016-09-15,2415.1707995249226
2016-09-16,2422.1016645495265
2016-09-19,2430.4205494585
2016-09-20,2432.9855860828065
2016-09-21,2466.2141877118397
2016-09-22,2472.796521650991
2016-09-23,2463.014395678263
2016-09-26,2431.0413183396913
2016-09-27,2454.213106447314
2016-09-28,2465.668407291285
2016-09-29,2449.1223812795456
2016-09-30,2452.0552382395426
2016-10-03,2455.269777727625
2016-10-04,2462.5265325744786
2016-10-05,2458.0614102288796
2016-10-06,2461.7061733631704
2016-10-07,2450.852478406563
2016-10-10,2465.3118503397786
2016-10-11,2459.0080505941187
2016-10-12,2462.5805269962193
2016-10-13,2447.442579548299
2016-10-14,2459.595538121858
2016-10-17,2454.2020566166702
2016-10-18,2479.4717520878075
2016-10-19,2490.570621094473
2016-10-20,2496.021775123834
2016-10-21,2504.2515086830704
2016-10-24,2509.8951547125776
2016-10-25,2508.1319121905276
2016-10-26,2489.768693832351
2016-10-27,2479.623479162538
2016-10-28,2472.363324723646
2016-10-31,2466.165501042615
2016-11-01,2438.0629396246713
2016-11-02,2402.9906867313316
2016-11-03,2400.150614121431
2016-11-04,2384.8379182101057
2016-11-07,2440.6769853893857
2016-11-08,2447.7931243799894
2016-11-09,2470.957979763525
2016-11-10,2493.8587879578713
2016-11-11,2488.21836168467
2016-11-14,2512.8355861740956
2016-11-15,2524.536403293676
2016-11-16,2535.4188591959983
2016-11-17,2546.7092173017486
2016-11-18,2558.3129622336087
2016-11-21,2564.5622305138845
2016-11-22,2580.550354322422
2016-11-23,2590.537472755568
2016-11-24,2586.122371337173
2016-11-25,2587.1447891881344
2016-11-28,2583.415398645667
2016-11-29,2576.661947582074
2016-11-30,2576.665479679093
2016-12-01,2569.6739660371027
2016-12-02,2556.6586325251637
2016-12-05,2554.8681562763136
2016-12-06,2568.9087121280713
2016-12-07,2590.7329208248757
2016-12-08,2638.9028116457735
2016-12-09,2665.424782071061
2016-12-12,2644.3482923891966
2016-12-13,2654.8686650801706
2016-12-14,2636.0027674542293
2016-12-15,2679.5936246803376
2016-12-16,2680.9588704931266
2016-12-19,2678.5951567755205
2016-12-20,2698.151014462801
2016-12-21,2681.6143874877826
2016-12-22,2668.8334885003055
2016-12-23,2669.947193414123
2016-12-26,2669.3406534896367
2016-12-27,2674.3128905247277
2016-12-28,2680.054417991667
2016-12-29,2662.1192404907156
2016-12-30,2646.6426706342545
2017-01-02,2649.0728374244145
2017-01-03,2699.355523236049
2017-01-04,2700.799527659677
2017-01-05,2682.566791997
2017-01-06,2688.087757411111
2017-01-09,2683.8274027708185
2017-01-10,2681.969555350976
2017-01-11,2711.9750943863723
2017-01-12,2674.0612593582255
2017-01-13,2687.811524716617
2017-01-16,2685.0088415681475
2017-01-17,2662.1843215371305
2017-01-18,2667.4109287980614
2017-01-19,2673.2796941866336
2017-01-20,2664.8968750614786
2017-01-23,2649.796317515388
2017-01-24,2663.2746097261966
2017-01-25,2687.3641139813444
2017-01-26,2703.734228101434
2017-01-27,2693.3579936870237
2017-01-30,2680.563096617491
2017-01-31,2652.4045865438675
2017-02-01,2666.8664499046477
2017-02-02,2657.97009723143
2017-02-03,2678.6112479547396
2017-02-06,2682.135789429965
2017-02-07,2692.8230060397223
2017-02-08,2695.4265953225104
2017-02-09,2715.8133247809556
2017-02-10,2738.2623744972175
2017-02-13,2755.920482501689
2017-02-14,2767.5554523378305
2017-02-15,2780.6015224760545
2017-02-16,2760.587715126898
2017-02-17,2769.181712480769
2017-02-20,2773.3522862383293
2017-02-21,2805.1902420821493
2017-02-22,2803.443560570047
2017-02-23,2794.5534128838854
2017-02-24,2792.509817873138
2017-02-27,2782.981470770501
2017-02-28,2772.7057007971553
2017-03-01,2815.991847389524
2017-03-02,2812.279257332797
2017-03-03,2800.7801272427305
2017-03-06,2787.584213667539
2017-03-07,2785.3728845340943
2017-03-08,2782.965905126177
2017-03-09,2773.3099977146544
2017-03-10,2768.0712697092827
2017-03-13,2774.8275324693564
2017-03-14,2771.8921896529946
2017-03-15,2793.2343033028255
2017-03-16,2785.862768351102
2017-03-17,2785.0133779698085
2017-03-20,2780.4386748489087
2017-03-21,2745.6212371167694
2017-03-22,2740.5812329015803
2017-03-23,2748.7516850722423
2017-03-24,2745.947041405336
2017-03-27,2724.1758776294755
2017-03-28,2748.226319107305
2017-03-29,2778.4449775458365
2017-03-30,2786.9593644470374
2017-03-31,2786.8207192255286
2017-04-03,2793.179067173318
2017-04-04,2791.7407903056583
2017-04-05,2786.7502856852484
2017-04-06,2788.9334858092016
2017-04-07,2797.9670979154484
2017-04-10,2804.2310482070634
2017-04-11,2798.439949385108
2017-04-12,2793.6477899408433
2017-04-13,2780.383683910278
2017-04-14,2778.076950790874
2017-04-17,2788.1534260503017
2017-04-18,2767.292452936705
2017-04-19,2759.990560180564
2017-04-20,2764.17997442213
2017-04-21,2779.7071049887595
2017-04-24,2775.3892875786173
2017-04-25,2776.401980375179
2017-04-26,2790.5479598663464
2017-04-27,2791.57623270798
2017-04-28,2780.1680407089125
2017-05-01,2779.392475609196
2017-05-02,2790.5802385625652
2017-05-03,2783.2450766026304
2017-05-04,2775.646131288404
2017-05-05,2778.381731303158
2017-05-08,2795.884158997152
2017-05-09,2803.1562103797273
2017-05-10,2815.153243975673
2017-05-11,2810.95490928548
2017-05-12,2798.5489499026444
2017-05-15,2798.9700933811296
2017-05-16,2780.5636939956207
2017-05-17,2732.1849614474536
2017-05-18,2729.646294382802
2017-05-19,2732.918059683861
2017-05-22,2735.767370852468
2017-05-23,2742.8044101991404
2017-05-24,2755.8246713615918
2017-05-25,2759.622258116561
2017-05-26,2764.580602551374
2017-05-29,2765.1701757915544
2017-05-30,2761.371631623879
2017-05-31,2745.627131410313
2017-06-01,2768.345801494424
2017-06-02,2773.6570074526044
2017-06-05,2775.33044008283
2017-06-06,2764.671567999288
2017-06-07,2766.8952098551213
2017-06-08,2776.159329853004
2017-06-09,2783.7381474080744
2017-06-12,2771.5690176085855
2017-06-13,2784.5432210821587
2017-06-14,2769.8874016120835
2017-06-15,2780.2738078522893
2017-06-16,2776.170658694675
2017-06-19,2803.401356788803
2017-06-20,2794.245074154567
2017-06-21,2785.814667921481
2017-06-22,2785.5256185555418
2017-06-23,2781.4469881825603
2017-06-26,2787.047133885587
2017-06-27,2752.417878399637
2017-06-28,2751.3642768263862
2017-06-29,2722.292358449103
2017-06-30,2722.9663085924485
2017-07-03,2738.3448184687823
2017-07-04,2738.0650858576537
2017-07-05,2745.4291450248616
2017-07-06,2711.643031836242
2017-07-07,2719.8415620353203
2017-07-10,2726.33053808946
2017-07-11,2720.486031530878
2017-07-12,2745.0082487620393
2017-07-13,2757.4020190837587
2017-07-14,2762.839106924121
2017-07-17,2759.9769029693057
2017-07-18,2736.0266535463597
2017-07-19,2765.504497945222
2017-07-20,2743.673611537887
2017-07-21,2733.01400349882
2017-07-24,2733.538182965605
2017-07-25,2736.0963937168767
2017-07-26,2744.1852082726855
2017-07-27,2739.690377280386
2017-07-28,2714.8685521538805
2017-07-31,2706.871131746821
2017-08-01,2713.953881443591
2017-08-02,2702.1631439666044
2017-08-03,2693.527651897544
2017-08-04,2722.970170573436
2017-08-07,2720.059807141514
2017-08-08,2728.331340399442
2017-08-09,2717.5693777298243
2017-08-10,2686.7815486002037
2017-08-11,2670.8998938681834
2017-08-14,2693.9154085170567
2017-08-15,2703.5063445935693
2017-08-16,2715.6835109407743
2017-08-17,2686.809662797727
2017-08-18,2677.2207796054877
2017-08-21,2665.4103392057627
2017-08-22,2695.4443022497926
2017-08-23,2681.706572896205
2017-08-24,2683.466800443755
2017-08-25,2675.421758264059
2017-08-28,2659.3428409557405
2017-08-29,2641.4550862142896
2017-08-30,2671.6457231009067
2017-08-31,2693.5949815525114
2017-09-01,2705.247981834827
2017-09-04,2692.3697784667834
2017-09-05,2680.0514151898005
2017-09-06,2681.6184320748225
2017-09-07,2675.0038916611843
2017-09-08,2672.741036119462
2017-09-11,2703.8061474546594
2017-09-12,2719.28273042477
2017-09-13,2725.270009099037
2017-09-14,2732.188469394323
2017-09-15,2717.930080382373
2017-09-18,2726.91005510385
2017-09-19,2726.890266330799
2017-09-20,2727.5088212532073
2017-09-21,2732.9014407456134
2017-09-22,2726.0265996408866
2017-09-25,2738.9402411325946
2017-09-26,2753.8710275896815
2017-09-27,2770.197787313143
2017-09-28,2762.5490287698285
2017-09-29,2766.76112399923
2017-10-02,2793.6414434093867
2017-10-03,2798.9604136999824
2017-10-04,2799.9926276709894
2017-10-05,2817.725076683603
2017-10-06,2811.14807304821
2017-10-09,2807.6983536007783
2017-10-10,2803.0809356874192
2017-10-11,2801.4467477940225
2017-10-12,2801.879958300974
2017-10-13,2810.964378278127
2017-10-16,2823.9619681692657
2017-10-17,2828.9553501141827
2017-10-18,2827.393608962445
2017-10-19,2809.00021909183
2017-10-20,2828.33996060883
2017-10-23,2830.5450160725686
2017-10-24,2828.0446377208696
2017-10-25,2807.1280845047936
2017-10-26,2834.201457845491
2017-10-27,2875.1192784843965
2017-10-30,2865.3331864287234
2017-10-31,2865.290516534899
2017-11-01,2880.8677774713096
2017-11-02,2869.039429624145
2017-11-03,2885.0846449515375
2017-11-06,2896.5665300237556
2017-11-07,2898.0759159172453
2017-11-08,2900.7684791392508
2017-11-09,2880.3099454899952
2017-11-10,2867.8342309154123
2017-11-13,2860.0213895315105
2017-11-14,2832.768341716932
2017-11-15,2806.0414765223913
2017-11-16,2836.9174249022367
2017-11-17,2836.2818301288635
2017-11-20,2848.681455227102
2017-11-21,2873.2218125850613
2017-11-22,2864.1727654402234
2017-11-23,2853.592436283716
2017-11-24,2838.7970594054427
2017-11-27,2835.504511550376
2017-11-28,2861.6542012776054
2017-11-29,2865.1656118267924
2017-11-30,2855.8701387518954
2017-12-01,2858.523786012348
2017-12-04,2864.2272522927574
2017-12-05,2858.8319274610435
2017-12-06,2856.3869216456224
2017-12-07,2863.753532863348
2017-12-08,2887.68829976242
2017-12-11,2888.3206368209476
2017-12-12,2903.715551006132
2017-12-13,2900.90331055903
2017-12-14,2888.7772940325503
2017-12-15,2901.73073531385
2017-12-18,2917.160974770875
2017-12-19,2908.671694450103
2017-12-20,2891.3787267004695
2017-12-21,2904.104806610994
2017-12-22,2911.366925985779
2017-12-25,2911.7849586395305
2017-12-26,2903.3462500289943
2017-12-27,2904.3301012162337
2017-12-28,2901.851671558259
2017-12-29,2882.363037875466
2018-01-01,2882.1789038061906
2018-01-02,2894.723367733105
2018-01-03,2912.4127937375865
2018-01-04,2921.7773398863665
2018-01-05,2949.492984992765
2018-01-08,2967.936396136776
2018-01-09,2983.3488291378985
2018-01-10,2968.664994023512
2018-01-11,2965.537448084124
2018-01-12,2959.666805148165
2018-01-15,2940.09173811003
2018-01-16,2944.4087875298
2018-01-17,2955.9839827285396
2018-01-18,2953.203936440116
2018-01-19,2972.380468854973
2018-01-22,2983.461621479498
2018-01-23,2988.2348480403075
2018-01-24,2971.1963174305674
2018-01-25,2946.491958748629
2018-01-26,2981.0096545870065
2018-01-29,2980.9461161363784
2018-01-30,2938.4573440932395
2018-01-31,2928.0424896659797
2018-02-01,2923.9017094358833
2018-02-02,2879.2170217342477
2018-02-05,2798.5645143443667
2018-02-06,2799.092823097092
2018-02-07,2813.1495833240833
2018-02-08,2754.776211635477
2018-02-09,2757.301976126525
2018-02-12,2782.8340921685876
2018-02-13,2773.567060336124
2018-02-14,2798.278199434342
2018-02-15,2816.0384933454366
2018-02-16,2831.10535476051
2018-02-19,2842.1029695312423
2018-02-20,2841.5727127995806
2018-02-21,2842.387594895038
2018-02-22,2838.6889856745975
2018-02-23,2876.15612220527
2018-02-26,2900.838155214388
2018-02-27,2887.174983658095
2018-02-28,2866.2233959324276
2018-03-01,2838.43377083194
2018-03-02,2807.5736338321935
2018-03-05,2820.61982963119
2018-03-06,2824.1216342165044
2018-03-07,2821.216273336211
2018-03-08,2850.267858007364
2018-03-09,2883.667367070242
2018-03-12,2894.7536482623377
2018-03-13,2866.269908091206
2018-03-14,2862.0896875396757
2018-03-15,2868.763025522418
2018-03-16,2878.651322028445
2018-03-19,2837.849666170901
2018-03-20,2853.4566202859896
2018-03-21,2853.891368191151
2018-03-22,2799.488900936565
2018-03-23,2738.1398001374564
2018-03-26,2760.347827760124
2018-03-27,2756.1784094249774
2018-03-28,2752.56161610338
2018-03-29,2787.305335138402
2018-03-30,2789.541061945808
2018-04-02,2753.169335774
2018-04-03,2774.131438184386
2018-04-04,2779.5156476913044
2018-04-05,2821.2131748444767
2018-04-06,2780.792621021235
2018-04-09,2779.5543111281386
2018-04-10,2808.093229538205
2018-04-11,2793.431536937257
2018-04-12,2818.813457096875
2018-04-13,2812.8622021508445
2018-04-16,2815.6779565221127
2018-04-17,2839.8423386105314
2018-04-18,2844.6812628118346
2018-04-19,2840.9049914891616
2018-04-20,2837.244092825089
2018-04-23,2844.372978848868
2018-04-24,2826.928640947771
2018-04-25,2827.0095411337716
2018-04-26,2860.199887461043
2018-04-27,2870.660172953403
2018-04-30,2866.454636208717
2018-05-01,2885.248151206058
2018-05-02,2883.571071217175
2018-05-03,2875.030494576012
2018-05-04,2901.863685233865
2018-05-07,2916.936792009126
2018-05-08,2930.6967689776666
2018-05-09,2948.3118081968396
2018-05-10,2962.865819709661
2018-05-11,2960.4511948482914
2018-05-14,2960.2916659564767
2018-05-15,2962.8389969782706
2018-05-16,2987.9906975662025
2018-05-17,2988.352314083068
2018-05-18,2987.32692152058
2018-05-21,3004.267034804435
2018-05-22,2997.31673479044
2018-05-23,3005.8823855349037
2018-05-24,2996.116447988492
2018-05-25,3006.339096978069
2018-05-28,3011.18767188115
2018-05-29,2994.6220674103197
2018-05-30,3000.706309640542
2018-05-31,2979.1476293885826
2018-06-01,3003.748746971216
2018-06-04,3016.245135793462
2018-06-05,3020.8068175551
2018-06-06,3015.157361207728
2018-06-07,3004.9089683545308
2018-06-08,3016.509460842088
2018-06-11,3015.0439035530244
2018-06-12,3022.834987286629
2018-06-13,3018.19914982819
2018-06-14,3049.7522123734816
2018-06-15,3044.5072040401556
2018-06-18,3034.0908118424213
2018-06-19,3022.89163971535
2018-06-20,3030.651475633426
2018-06-21,3004.070661036872
2018-06-22,3009.1199876113656
2018-06-25,2955.265968377808
2018-06-26,2963.481708983621
2018-06-27,2959.8624456559355
2018-06-28,2966.7774049703576
2018-06-29,2960.682630899267
2018-07-02,2965.9578395438375
2018-07-03,2955.267538682157
2018-07-04,2956.303685385955
2018-07-05,2958.4285839144927
2018-07-06,2968.790213647176
2018-07-09,2995.1110836335215
2018-07-10,3010.0622061815984
2018-07-11,2983.4965924656967
2018-07-12,3010.632071973734
2018-07-13,3020.972930136807
2018-07-16,3005.8968383021884
2018-07-17,3019.6410897869705
2018-07-18,3034.5775373152555
2018-07-19,3031.9211163472137
2018-07-20,3014.799210542841
2018-07-23,3015.134675679618
2018-07-24,3029.6582803828655
2018-07-25,3053.4626479996123
2018-07-26,3059.4682294998624
2018-07-27,3053.2697293649794
2018-07-30,3026.7925197279574
2018-07-31,3035.4631951243864
2018-08-01,3038.8082718085043
2018-08-02,3047.8263616349827
2018-08-03,3063.9706910624413
2018-08-06,3074.6493597386525
2018-08-07,3079.772615657095
2018-08-08,3075.665206051264
2018-08-09,3082.5212521661238
2018-08-10,3086.476067863798
2018-08-13,3067.588514455751
2018-08-14,3093.269708892088
2018-08-15,3075.8917347726615
2018-08-16,3073.494131759403
2018-08-17,3078.7127833766954
2018-08-20,3084.8147377232212
2018-08-21,3075.5319224286923
2018-08-22,3062.2252638318714
2018-08-23,3059.6029392729615
2018-08-24,3061.9340441354143
2018-08-27,3078.659766494622
2018-08-28,3071.1123356865965
2018-08-29,3086.5114820628883
2018-08-30,3081.510623123484
2018-08-31,3081.268681128073
2018-09-03,3077.385485216864
2018-09-04,3080.867299737948
2018-09-05,3044.465403633746
2018-09-06,3030.9992811492793
2018-09-07,3036.762262408819
2018-09-10,3033.926924116674
2018-09-11,3042.5037718842595
2018-09-12,3038.4884907235114
2018-09-13,3041.1084265915697
2018-09-14,3052.6964478862315
2018-09-17,3034.20820020758
2018-09-18,3047.480413159969
2018-09-19,3064.1003423967286
2018-09-20,3066.0897800565476
2018-09-21,3072.2731913523826
2018-09-24,3053.2976775701495
2018-09-25,3056.429340339218
2018-09-26,3061.596962139903
2018-09-27,3079.7987575249945
2018-09-28,3090.825349907608
2018-10-01,3101.0112087175216
2018-10-02,3097.4772391812307
2018-10-03,3103.522043957402
2018-10-04,3076.6864571510428
2018-10-05,3057.751910133937
2018-10-08,3055.701512579607
2018-10-09,3048.26062458316
2018-10-10,2967.7442092347133
2018-10-11,2895.5916568324674
2018-10-12,2925.2517950875817
2018-10-15,2907.186550952052
2018-10-16,2959.3050336524498
2018-10-17,2970.111174890772
2018-10-18,2944.190198391702
2018-10-19,2937.506659536672
2018-10-22,2936.4297197110727
2018-10-23,2905.9192744513075
2018-10-24,2861.2287783817756
2018-10-25,2885.5206754952014
2018-10-26,2854.5718104198872
2018-10-29,2839.849890173527
2018-10-30,2875.3884957538226
2018-10-31,2921.2219353949877
2018-11-01,2936.3817678771875
2018-11-02,2945.6163788070157
2018-11-05,2942.5860447218897
2018-11-06,2950.9392493486675
2018-11-07,2981.374157916791
2018-11-08,2989.920992013726
2018-11-09,2978.021863900136
2018-11-12,2956.7437037463133
2018-11-13,2945.4594011393415
2018-11-14,2924.7153840507544
2018-11-15,2941.2395686346367
2018-11-16,2930.241291181041
2018-11-19,2887.1881303183736
2018-11-20,2851.2911981276193
2018-11-21,2867.7133382805646
2018-11-22,2864.7832987669913
2018-11-23,2868.105247488298
2018-11-26,2901.7006880289855
2018-11-27,2914.811701409422
2018-11-28,2961.285582764068
2018-11-29,2941.471235581594
2018-11-30,2965.432474657844
2018-12-03,2998.1744739751216
2018-12-04,2930.3002997425483
2018-12-05,2918.7083532745633
2018-12-06,2878.824942020882
2018-12-07,2845.230303680081
2018-12-10,2824.7037246202076
2018-12-11,2839.410152155453
2018-12-12,2861.509261507683
2018-12-13,2864.3141722379514
2018-12-14,2832.0660851879384
2018-12-17,2783.7490264813496
2018-12-18,2767.922407022718
2018-12-19,2735.201401584851
2018-12-20,2695.2278735298887
2018-12-21,2658.8266455881253
2018-12-24,2617.7148700350044
2018-12-25,2606.4457539006203
2018-12-26,2679.2405068210633
2018-12-27,2697.129847387753
2018-12-28,2704.5813426548584
2018-12-31,2723.5347311209403
2019-01-01,2723.6897409962535
2019-01-02,2735.9902916474507
2019-01-03,2691.328561910999
2019-01-04,2756.2893163144
2019-01-07,2770.7705652654563
2019-01-08,2796.5062195516903
2019-01-09,2806.1032015470514
2019-01-10,2813.80062219235
2019-01-11,2825.179658376846
2019-01-14,2813.305883360895
2019-01-15,2844.985886663293
2019-01-16,2860.584101681781
2019-01-17,2876.2746009274115
2019-01-18,2914.0665246421386
2019-01-21,2914.811960175945
2019-01-22,2886.2273322343617
2019-01-23,2882.041456471581
2019-01-24,2896.592162500797
2019-01-25,2914.0800082346254
2019-01-28,2888.0430475195776
2019-01-29,2894.340554003018
2019-01-30,2919.8610009377417
2019-01-31,2934.680069773396
2019-02-01,2937.780584838425
2019-02-04,2959.1757221808098
2019-02-05,2981.4597173556845
2019-02-06,2983.7475030101323
2019-02-07,2962.1818343257705
2019-02-08,2959.268023148545
2019-02-11,2974.9854211658967
2019-02-12,3001.681427165888
2019-02-13,3015.0750895193055
2019-02-14,3012.743565679622
2019-02-15,3037.785038166153
2019-02-18,3036.4548266684915
2019-02-19,3034.0450613746934
2019-02-20,3044.596598606794
2019-02-21,3038.4538811009807
2019-02-22,3055.9342235602144
2019-02-25,3063.0693756327787
2019-02-26,3058.1748009576613
2019-02-27,3052.0037640803853
2019-02-28,3039.856402285392
2019-03-01,3054.219085178958
2019-03-04,3065.3073205624005
2019-03-05,3065.667162643467
2019-03-06,3049.0093751650547
2019-03-07,3047.1818554729034
2019-03-08,3028.3891985801324
2019-03-11,3065.729486128672
2019-03-12,3066.902121002062
2019-03-13,3072.4340308838687
2019-03-14,3073.7405874657447
2019-03-15,3086.159345218616
2019-03-18,3099.152438751254
2019-03-19,3099.4330443536264
2019-03-20,3085.6841333951716
2019-03-21,3104.804645107473
2019-03-22,3078.3896687167403
2019-03-25,3053.6239736488283
2019-03-26,3087.434198535244
2019-03-27,3084.5747820258744
2019-03-28,3092.3839177287837
2019-03-29,3114.887890038706
2019-04-01,3152.5536969092477
2019-04-02,3160.9855218185708
2019-04-03,3168.0822137966334
2019-04-04,3172.414425370278
2019-04-05,3182.199104339259
2019-04-08,3175.8491081018906
2019-04-09,3160.8932864175767
2019-04-10,3176.2472402421145
2019-04-11,3167.020196348059
2019-04-12,3171.3102862378264
2019-04-15,3174.7361733259363
2019-04-16,3182.0674727510045
2019-04-17,3177.6891595292554
2019-04-18,3191.2694423118696
2019-04-19,3191.773875140929
2019-04-22,3188.015586902402
2019-04-23,3220.215984574564
2019-04-24,3213.668988998338
2019-04-25,3222.639785300599
2019-04-26,3229.561299861921
2019-04-29,3232.9720824817973
2019-04-30,3223.70333009634
2019-05-01,3202.75761081251
2019-05-02,3208.504206918732
2019-05-03,3232.314866998363
2019-05-06,3210.6310863681106
2019-05-07,3170.421978570028
2019-05-08,3158.690463199319
2019-05-09,3128.1966719533457
2019-05-10,3135.377424159893
2019-05-13,3076.5932576568644
2019-05-14,3101.312394847621
2019-05-15,3118.38135100281
2019-05-16,3145.177137787413
2019-05-17,3132.411278965842
2019-05-20,3114.781429684288
2019-05-21,3130.0144842788477
2019-05-22,3128.935435460884
2019-05-23,3093.5027247233206
2019-05-24,3090.2432763350203
2019-05-27,3096.640798392891
2019-05-28,3086.5554838914013
2019-05-29,3068.363706045935
2019-05-30,3077.5903640479937
2019-05-31,3048.518500746095
2019-06-03,3034.7377690428852
2019-06-04,3068.688989956967
2019-06-05,3083.4181964166364
2019-06-06,3086.7402857612105
2019-06-07,3101.6793847163076
2019-06-10,3123.8815322775677
2019-06-11,3132.817744776329
2019-06-12,3122.979731380325
2019-06-13,3139.494022156612
2019-06-14,3141.381407325155
2019-06-17,3139.856562420744
2019-06-18,3181.346449129815
2019-06-19,3192.017795159826
2019-06-20,3203.9860310213035
2019-06-21,3187.4213857809636
2019-06-24,3166.7001590018604
2019-06-25,3148.285942573451
2019-06-26,3143.8777747244962
2019-06-27,3162.390277797806
2019-06-28,3174.1595242604167
2019-07-01,3212.8723120724135
2019-07-02,3228.2452956654315
2019-07-03,3250.3927400813322
2019-07-04,3254.948651270175
2019-07-05,3259.415025496155
2019-07-08,3241.160629812566
2019-07-09,3241.0777692202396
2019-07-10,3240.0572125332064
2019-07-11,3246.850239923993
2019-07-12,3255.889639582127
2019-07-15,3256.5203929626286
2019-07-16,3261.0027828907605
2019-07-17,3245.8240047083445
2019-07-18,3247.1582736553405
2019-07-19,3243.9155561142675
2019-07-22,3245.9920615941364
2019-07-23,3283.065095653053
2019-07-24,3298.3769959035826
2019-07-25,3279.1312736851896
2019-07-26,3298.5858442382682
2019-07-29,3290.490136645251
2019-07-30,3278.3060484730504
2019-07-31,3257.647599974151
2019-08-01,3255.012091048385
2019-08-02,3204.5317043438836
2019-08-05,3101.2417437761196
2019-08-06,3116.2098195072303
2019-08-07,3114.5298373511146
2019-08-08,3167.2264159570905
2019-08-09,3150.2690525544176
2019-08-12,3119.440092701247
2019-08-13,3146.701317259249
2019-08-14,3094.456431083726
2019-08-15,3100.3343371911183
2019-08-16,3138.812594019866
2019-08-19,3174.5895779689054
2019-08-20,3162.038959932043
2019-08-21,3182.4569089367897
2019-08-22,3179.305891407582
2019-08-23,3122.0438265645003
2019-08-26,3129.0640945727955
2019-08-27,3132.2194921341425
2019-08-28,3149.8491805438366
2019-08-29,3182.3379656852458
2019-08-30,3210.959590710593
2019-09-02,3221.1973967870867
2019-09-03,3205.208034400463
2019-09-04,3221.707864533532
2019-09-05,3255.752092242666
2019-09-06,3261.456585380339
2019-09-09,3260.924607046755
2019-09-10,3267.271675038241
2019-09-11,3305.592753664472
2019-09-12,3306.5276821284147
2019-09-13,3298.2652975940364
2019-09-16,3313.2772603824187
2019-09-17,3301.5567543526518
2019-09-18,3297.5663184224177
2019-09-19,3301.3630528576055
2019-09-20,3308.2960099066795
2019-09-23,3306.7391234743272
2019-09-24,3288.509849660127
2019-09-25,3301.9065452250165
2019-09-26,3305.4718525133994
2019-09-27,3291.74394456178
2019-09-30,3311.1969156636965
2019-10-01,3276.423793092984
2019-10-02,3217.809070218052
2019-10-03,3220.4067742224893
2019-10-04,3252.7057832815267
2019-10-07,3244.592589823802
2019-10-08,3219.391602205373
2019-10-09,3229.538368578643
2019-10-10,3236.6411786466947
2019-10-11,3275.365379571074
2019-10-14,3274.95631395681
2019-10-15,3300.275885857981
2019-10-16,3296.8778291515505
2019-10-17,3289.128443780837
2019-10-18,3272.2662264311953
2019-10-21,3290.207260457539
2019-10-22,3290.415591950315
2019-10-23,3298.912472923264
2019-10-24,3313.6239718914067
2019-10-25,3326.6500222486125
2019-10-28,3340.348955309595
2019-10-29,3336.228811099578
2019-10-30,3338.4415398174897
2019-10-31,3323.641639976781
2019-11-01,3347.835355787264
2019-11-04,3369.48089566344
2019-11-05,3394.1883053189636
2019-11-06,3394.851312877539
2019-11-07,3413.338750701687
2019-11-08,3420.792400941608
2019-11-11,3409.783111983861
2019-11-12,3421.9656149207403
2019-11-13,3415.8315007829456
2019-11-14,3414.997521979649
2019-11-15,3425.097925972949
2019-11-18,3421.1165831523786
2019-11-19,3423.033247824615
2019-11-20,3412.648607809789
2019-11-21,3400.1540578325053
2019-11-22,3419.3366581380683
2019-11-25,3452.062798062242
2019-11-26,3455.408625293347
2019-11-27,3473.4771320513332
2019-11-28,3469.507801958292
2019-11-29,3447.0588503279782
2019-12-02,3412.08196971324
2019-12-03,3390.9194004100896
2019-12-04,3406.104867169342
2019-12-05,3411.5241347072956
2019-12-06,3450.79403230212
2019-12-09,3440.5341677053616
2019-12-10,3430.283092175456
2019-12-11,3440.5229277976805
2019-12-12,3453.7611235993436
2019-12-13,3467.2779380607735
2019-12-16,3490.6490350014433
2019-12-17,3490.3135606880037
2019-12-18,3497.642596198328
2019-12-19,3509.8728154625114
2019-12-20,3531.8671211498963
2019-12-23,3533.9678305988423
2019-12-24,3534.7243871359124
2019-12-25,3533.901007207864
2019-12-26,3543.6854020055134
2019-12-27,3532.368103890574
2019-12-30,3506.2281568106496
2019-12-31,3505.3687472951797
2020-01-01,3505.423393754172
2020-01-02,3538.3975853830057
2020-01-03,3532.5891151131104
2020-01-06,3521.071224449745
2020-01-07,3535.3033312085267
2020-01-08,3544.8772649926427
2020-01-09,3573.8756902886466
2020-01-10,3569.119186674768
2020-01-13,3580.350671857591
2020-01-14,3585.765938981979
2020-01-15,3579.2331467152076
2020-01-16,3602.3816531489606
2020-01-17,3630.5225206201226
2020-01-20,3633.952918696403
2020-01-21,3613.4573029871767
2020-01-22,3624.723944361987
2020-01-23,3624.9656797203593
2020-01-24,3615.383318216099
2020-01-27,3562.2085454556
2020-01-28,3586.393084034792
2020-01-29,3586.0267554394363
2020-01-30,3561.5619306606604
2020-01-31,3503.9827806211742
2020-02-03,3522.3463494001157
2020-02-04,3579.2635722213704
2020-02-05,3621.925189821342
2020-02-06,3649.1252597206644
2020-02-07,3632.4109378946646
2020-02-10,3654.818672482583
2020-02-11,3674.3669602253713
2020-02-12,3703.7636159217336
2020-02-13,3713.8670655124183
2020-02-14,3716.7544181319186
2020-02-17,3721.1183120938526
2020-02-18,3706.5533379444573
2020-02-19,3733.46652420969
2020-02-20,3713.2319456559417
2020-02-21,3669.0979588298155
2020-02-24,3560.9870798586167
2020-02-25,3475.232303483636
2020-02-26,3452.2048071375934
2020-02-27,3303.173934245568
2020-02-28,3245.2255755369524
2020-03-02,3296.81472896247
2020-03-03,3246.172926051929
2020-03-04,3341.073459233756
2020-03-05,3261.5600218281534
2020-03-06,3160.247615264172
2020-03-09,2906.352315514884
2020-03-10,3001.9535278928624
2020-03-11,2906.2646570796464
2020-03-12,2675.202120411123
2020-03-13,2813.359766542982
2020-03-16,2536.3016943691646
2020-03-17,2660.9841556851165
2020-03-18,2550.818162315956
2020-03-19,2594.8945205004793
2020-03-20,2556.002498794035
2020-03-23,2457.320563719302
2020-03-24,2654.1468758913416
2020-03-25,2719.352748976067
2020-03-26,2796.0083154325966
2020-03-27,2722.8008058055584
2020-03-30,2782.5817581985793
2020-03-31,2781.450269466413
2020-04-01,2688.845478092769
2020-04-02,2734.2965108805815
2020-04-03,2710.70905086324
2020-04-06,2864.428328705365
2020-04-07,2868.3433133912226
2020-04-08,2935.6179052954776
2020-04-09,2966.6066359519464
2020-04-10,2968.933122528448
2020-04-13,2954.4507051778096
2020-04-14,3005.8763828683564
2020-04-15,2955.444259721192
2020-04-16,2974.199923943103
2020-04-17,3042.026471469445
2020-04-20,3013.314475102475
2020-04-21,2929.8418794819086
2020-04-22,2989.0651095885096
2020-04-23,3001.751863521538
2020-04-24,3019.428043884174
2020-04-27,3069.226401889707
2020-04-28,3078.4383520960423
2020-04-29,3146.3237083514828
2020-04-30,3093.698708141258
2020-05-01,3009.991208798266
2020-05-04,3015.6693983190808
2020-05-05,3066.5584858654515
2020-05-06,3066.3177215987025
2020-05-07,3098.1668867262015
2020-05-08,3127.8287701390714
2020-05-11,3140.819132632415
2020-05-12,3085.154867511578
2020-05-13,3045.5131676532874
2020-05-14,3050.9545700729564
2020-05-15,3063.409348992299
2020-05-18,3141.447307118838
2020-05-19,3110.535763310158
2020-05-20,3143.027656109046
2020-05-21,3136.1044758052735
2020-05-22,3139.4645067097913
2020-05-25,3154.7952162018883
2020-05-26,3181.223347881401
2020-05-27,3216.7390876243876
2020-05-28,3203.544999186099
2020-05-29,3185.067542142833
2020-06-01,3212.4567848195165
2020-06-02,3236.4196532362
2020-06-03,3281.9474590376967
2020-06-04,3242.6773849362817
2020-06-05,3320.873040471573
2020-06-08,3357.534517702625
2020-06-09,3322.7887672009947
2020-06-10,3310.090676927685
2020-06-11,3147.258029903067
2020-06-12,3197.4628330138726
2020-06-15,3191.8211279452394
2020-06-16,3274.5519817743757
2020-06-17,3276.464277679128
2020-06-18,3275.0267524832643
2020-06-19,3279.350676084623
2020-06-22,3272.132668643735
2020-06-23,3276.0509149752047
2020-06-24,3217.9804067656282
2020-06-25,3250.15096515443
2020-06-26,3204.740982460692
2020-06-29,3217.371786314901
2020-06-30,3255.2131371826777
2020-07-01,3259.283799561437
2020-07-02,3298.6153287532015
2020-07-03,3297.2937175667134
2020-07-06,3333.1099065506896
2020-07-07,3311.392833007101
2020-07-08,3317.500666883406
2020-07-09,3314.3531859537807
2020-07-10,3327.0267346566
2020-07-13,3305.11883574228
2020-07-14,3313.374224130837
2020-07-15,3350.794806504769
2020-07-16,3326.168325806798
2020-07-17,3338.7728010295973
2020-07-20,3359.10087620657
2020-07-21,3367.0196306657494
2020-07-22,3341.479184295012
2020-07-23,3319.1964526625948
2020-07-24,3283.321734475753
2020-07-27,3270.121935202622
2020-07-28,3272.239814900692
2020-07-29,3286.9825488708584
2020-07-30,3261.2488590835947
2020-07-31,3250.763106882123
2020-08-03,3299.126817978296
2020-08-04,3315.9068079719495
2020-08-05,3311.6347419130743
2020-08-06,3328.1519347351045
2020-08-07,3334.791376559176
2020-08-10,3347.043022422981
2020-08-11,3347.5636929828906
2020-08-12,3374.667176440305
2020-08-13,3365.651027188469
2020-08-14,3360.4279108283426
2020-08-17,3363.574303408086
2020-08-18,3355.327863239385
2020-08-19,3353.6101130647558
2020-08-20,3355.8756219031734
2020-08-21,3380.3469656504017
2020-08-24,3407.572311368311
2020-08-25,3414.1897852817565
2020-08-26,3443.1814451961923
2020-08-27,3447.1571172162685
2020-08-28,3436.034483178079
2020-08-31,3408.970000764301
2020-09-01,3428.9643727377784
2020-09-02,3496.284360418424
2020-09-03,3411.6133676266404
2020-09-04,3387.8632649392885
2020-09-07,3387.875177167912
2020-09-08,3331.135938781659
2020-09-09,3371.645627091833
2020-09-10,3323.591452282172
2020-09-11,3336.361359307927
2020-09-14,3367.972020098153
2020-09-15,3390.6523381206484
2020-09-16,3396.059539364853
2020-09-17,3374.9873879363536
2020-09-18,3342.4189509695175
2020-09-21,3317.9214749034363
2020-09-22,3342.3016841919575
2020-09-23,3301.7298213559284
2020-09-24,3296.11959629655
2020-09-25,3336.226191205064
2020-09-28,3384.1191085342266
2020-09-29,3352.3663474156615
2020-09-30,3367.6772343174707
2020-10-01,3384.30557330257
2020-10-02,3370.2419006667265
2020-10-05,3404.5412689271784
2020-10-06,3385.8283937541332
2020-10-07,3429.664949941069
2020-10-08,3461.3693673739513
2020-10-09,3468.716743868899
2020-10-12,3509.706382552661
2020-10-13,3512.1364397545026
2020-10-14,3494.688896418107
2020-10-15,3487.2919277110686
2020-10-16,3485.9967202692974
2020-10-19,3442.2548128228814
2020-10-20,3436.405366852485
2020-10-21,3419.1261651035807
2020-10-22,3438.0106792738948
2020-10-23,3447.987810162151
2020-10-26,3400.2045072400624
2020-10-27,3384.854743946888
2020-10-28,3312.0178121095396
2020-10-29,3353.4863173317794
2020-10-30,3318.0704035355966
2020-11-02,3362.52151400378
2020-11-03,3398.3091924777405
2020-11-04,3465.1014060683524
2020-11-05,3505.8395967416627
2020-11-06,3498.193219802494
2020-11-09,3563.0446071501397
2020-11-10,3568.8365135873423
2020-11-11,3612.407506485507
2020-11-12,3573.3284790834587
2020-11-13,3599.7424910696404
2020-11-16,3642.8505738001754
2020-11-17,3628.2835147489673
2020-11-18,3611.8479347172283
2020-11-19,3625.1626321078706
2020-11-20,3618.343148716365
2020-11-23,3645.5381773428785
2020-11-24,3680.857618528092
2020-11-25,3671.2759473144106
2020-11-26,3676.0744846287184
2020-11-27,3677.376816251001
2020-11-30,3639.0391444023
2020-12-01,3657.4386920090164
2020-12-02,3651.173123105567
2020-12-03,3642.106100607749
2020-12-04,3677.2093495263866
2020-12-07,3674.8341944987696
2020-12-08,3690.0067615349585
2020-12-09,3684.511182304781
2020-12-10,3672.312603989096
2020-12-11,3671.523924169046
2020-12-14,3661.731031685727
2020-12-15,3685.3593669494676
2020-12-16,3692.7534408187794
2020-12-17,3704.33993351772
2020-12-18,3695.212010521221
2020-12-21,3673.028375002423
2020-12-22,3682.0219076874682
2020-12-23,3693.3324469688755
2020-12-24,3701.958861509383
2020-12-25,3703.0982940146278
2020-12-28,3710.8209494691046
2020-12-29,3712.7407337727477
2020-12-30,3710.4972255000325
2020-12-31,3734.5499839455556
2021-01-01,3734.810993208859
2021-01-04,3704.4620514697267
2021-01-05,3728.0686612595728
2021-01-06,3750.431158558707
2021-01-07,3801.695386930352
2021-01-08,3834.8282931737854
2021-01-11,3839.937857023466
2021-01-12,3848.1487714868613
2021-01-13,3856.2857958956024
2021-01-14,3870.1139157661546
2021-01-15,3848.3826686005978
2021-01-18,3852.8514120800987
2021-01-19,3868.431905805497
2021-01-20,3916.6802969420705
2021-01-21,3906.8012891124026
2021-01-22,3884.967007294326
2021-01-25,3904.4958819262506
2021-01-26,3880.7191640869137
2021-01-27,3827.125916345941
2021-01-28,3827.7829668387017
2021-01-29,3754.0962988452297
2021-02-01,3832.3418825844983
2021-02-02,3898.965970652367
2021-02-03,3917.3168943722635
2021-02-04,3952.637106532242
2021-02-05,3962.4849264190516
2021-02-08,3989.21140992083
2021-02-09,3980.4964336081775
2021-02-10,3976.293721528631
2021-02-11,3985.7082832334695
2021-02-12,4004.0893808215014
2021-02-15,4016.205158968102
2021-02-16,4020.090157274122
2021-02-17,4033.3453234224894
2021-02-18,3993.288291452292
2021-02-19,3986.859891616494
2021-02-22,3951.628715054535
2021-02-23,3944.9951777467954
2021-02-24,3968.477430088772
2021-02-25,3885.3095050236657
2021-02-26,3857.395569252775
2021-03-01,3965.2914540734123
2021-03-02,3938.792475740564
2021-03-03,3911.0767229292933
2021-03-04,3865.554550822438
2021-03-05,3934.291802070135
2021-03-08,3933.999933161238
2021-03-09,3977.511764367432
2021-03-10,3995.1182116989035
2021-03-11,4027.2853401970888
2021-03-12,4035.6663732496863
2021-03-15,4059.6281953228413
2021-03-16,4069.6110405592262
2021-03-17,4068.919965216091
2021-03-18,4031.052597812248
2021-03-19,4027.0524703370797
2021-03-22,4032.099053006903
2021-03-23,4013.2555773509416
2021-03-24,3988.554086367531
2021-03-25,4018.3075555580876
2021-03-26,4069.622662656967
2021-03-29,4072.189553895327
2021-03-30,4086.9513998356388
2021-03-31,4086.2119150040267
2021-04-01,4128.710511934657
2021-04-02,4131.9624394864095
2021-04-05,4156.145007761462
2021-04-06,4149.29405658635
2021-04-07,4128.355534482411
2021-04-08,4149.49594547736
2021-04-09,4163.995369402024
2021-04-12,4150.931993130095
2021-04-13,4157.227048674821
2021-04-14,4145.101745819324
2021-04-15,4179.630719439617
2021-04-16,4193.735603963877
2021-04-19,4168.460816970058
2021-04-20,4121.3046319547
2021-04-21,4147.316222089931
2021-04-22,4141.869241193999
2021-04-23,4165.726478810298
2021-04-26,4172.932748827316
2021-04-27,4169.343716709089
2021-04-28,4168.501246682749
2021-04-29,4173.131743575298
2021-04-30,4162.0333448531055
2021-05-03,4158.543438844842
2021-05-04,4139.322233845564
2021-05-05,4159.327550875436
2021-05-06,4166.098598018866
2021-05-07,4176.739689045777
2021-05-10,4146.891084408947
2021-05-11,4099.946186117154
2021-05-12,4056.0052875634315
2021-05-13,4068.5629246332473
2021-05-14,4112.061620189107
2021-05-17,4105.116403484639
2021-05-18,4082.8995083952386
2021-05-19,4059.9764775745934
2021-05-20,4096.947131870023
2021-05-21,4108.52883717166
2021-05-24,4125.245783848337
2021-05-25,4120.675790727915
2021-05-26,4141.364246993732
2021-05-27,4151.434544661572
2021-05-28,4171.214572774212
2021-05-31,4158.016191120277
2021-06-01,4167.489013685622
2021-06-02,4184.822838328511
2021-06-03,4190.801712919263
2021-06-04,4209.603021038781
2021-06-07,4208.869025448199
2021-06-08,4212.180799401982
2021-06-09,4202.6214095231435
2021-06-10,4220.54869385991
2021-06-11,4251.723871822269
2021-06-14,4254.171006529631
2021-06-15,4247.716000699782
2021-06-16,4236.75708857775
2021-06-17,4277.636467365319
2021-06-18,4254.377697039322
2021-06-21,4266.574387223231
2021-06-22,4293.033242742261
2021-06-23,4278.534686551684
2021-06-24,4308.975169625569
2021-06-25,4320.833575901231
2021-06-28,4328.082998381498
2021-06-29,4332.249303837967
2021-06-30,4340.516368823936
2021-07-01,4349.050090615698
2021-07-02,4372.786790379905
2021-07-05,4371.338941275356
2021-07-06,4367.510747162385
2021-07-07,4381.918618350451
2021-07-08,4318.091057737042
2021-07-09,4356.189272664493
2021-07-12,4376.761090144516
2021-07-13,4382.652271025607
2021-07-14,4379.802505652826
2021-07-15,4364.470026078379
2021-07-16,4339.807280066518
2021-07-19,4269.901527244867
2021-07-20,4324.256758609238
2021-07-21,4356.539194994119
2021-07-22,4369.599212470999
2021-07-23,4406.270417927393
2021-07-26,4388.452797269924
2021-07-27,4356.377107735881
2021-07-28,4375.617338270485
2021-07-29,4381.701908419185
2021-07-30,4360.071493968407
2021-08-02,4366.935254498867
2021-08-03,4393.35095889467
2021-08-04,4391.038317715974
2021-08-05,4415.768923085681
2021-08-06,4438.269515812873
2021-08-09,4441.94569814339
2021-08-10,4457.533808379003
2021-08-11,4463.3735149190925
2021-08-12,4472.144487371791
2021-08-13,4453.573095026184
2021-08-16,4445.372227092331
2021-08-17,4436.12056348693
2021-08-18,4415.180729700131
2021-08-19,4393.378727011995
2021-08-20,4411.869239209975
2021-08-23,4439.341761443022
2021-08-24,4459.879840703843
2021-08-25,4472.109830622353
2021-08-26,4447.3988955819295
2021-08-27,4472.291863923316
2021-08-30,4487.521970602062
2021-08-31,4489.7807330831
2021-09-01,4486.720549665986
2021-09-02,4496.013622204011
2021-09-03,4495.561584401566
2021-09-06,4512.833435279264
2021-09-07,4504.499289698587
2021-09-08,4495.367008504378
2021-09-09,4476.536986388923
2021-09-10,4456.335158528785
2021-09-13,4469.663650920546
2021-09-14,4449.842761819292
2021-09-15,4463.156469196784
2021-09-16,4473.227066800816
2021-09-17,4454.513673340859
2021-09-20,4386.451055629739
2021-09-21,4391.968016283764
2021-09-22,4421.37179364454
2021-09-23,4461.400811154005
2021-09-24,4467.980001507475
2021-09-27,4468.245611462173
2021-09-28,4396.17342839804
2021-09-29,4409.617865712047
2021-09-30,4392.207570823954
2021-10-01,4409.064279719388
2021-10-04,4358.078067446398
2021-10-05,4396.931087835798
2021-10-06,4409.486869018205
2021-10-07,4454.204243105339
2021-10-08,4446.055938136003
2021-10-11,4434.446227652663
2021-10-12,4431.846341454039
2021-10-13,4443.026414229318
2021-10-14,4498.176666298335
2021-10-15,4528.099675709797
2021-10-18,4535.013632970708
2021-10-19,4549.7957389051735
2021-10-20,4565.944637083883
2021-10-21,4568.875387524418
2021-10-22,4566.677215811803
2021-10-25,4593.801121063648
2021-10-26,4608.219558383992
2021-10-27,4578.841975500493
2021-10-28,4581.875912259663
2021-10-29,4612.078362356124
2021-11-01,4631.968665253119
2021-11-02,4640.58051481438
2021-11-03,4662.111316544528
2021-11-04,4694.9438893519655
2021-11-05,4702.338659724468
2021-11-08,4698.149659718279
2021-11-09,4689.198122870005
2021-11-10,4680.608276713888
2021-11-11,4704.8217346593
2021-11-12,4744.118095251025
2021-11-15,4757.923607807488
2021-11-16,4794.514909863824
2021-11-17,4793.90778009582
2021-11-18,4776.482413239612
2021-11-19,4777.376504498392
2021-11-22,4781.041700492298
2021-11-23,4764.379998361608
2021-11-24,4792.970089880632
2021-11-25,4793.733699537995
2021-11-26,4641.063738059708
2021-11-29,4684.520441598265
2021-11-30,4615.853678677926
2021-12-01,4569.055043107843
2021-12-02,4613.519212801251
2021-12-03,4591.283169283883
2021-12-06,4632.425058781971
2021-12-07,4739.464462517202
2021-12-08,4723.1625220804435
2021-12-09,4711.462247839144
2021-12-10,4716.654250420969
2021-12-13,4689.840804964354
2021-12-14,4656.254920381655
2021-12-15,4709.0612966839135
2021-12-16,4678.405463496135
2021-12-17,4657.139213169068
2021-12-20,4586.140160467448
2021-12-21,4674.388418386814
2021-12-22,4693.1259305857875
2021-12-23,4733.418053282479
2021-12-24,4726.703789099201
2021-12-27,4770.412520263386
2021-12-28,4783.541923844712
2021-12-29,4765.505928135843
2021-12-30,4768.108841065396
2021-12-31,4749.04009557114
2022-01-03,4796.786522882328
2022-01-04,4799.898445633093
2022-01-05,4722.210299496336
2022-01-06,4713.417003416218
2022-01-07,4685.529246767401
2022-01-10,4684.782115914489
2022-01-11,4715.660472133537
2022-01-12,4717.752748202833
2022-01-13,4661.461730733404
2022-01-14,4658.467049141753
2022-01-17,4673.652525442546
2022-01-18,4623.237549085215
2022-01-19,4586.278503698656
2022-01-20,4568.035162902782
2022-01-21,4489.082789043263
2022-01-24,4473.677149179593
2022-01-25,4442.377737091787
2022-01-26,4442.093373359739
2022-01-27,4450.169031834181
2022-01-28,4509.421687041947
2022-01-31,4571.231335266249
2022-02-01,4595.20623975303
2022-02-02,4607.742564499684
2022-02-03,4480.64327827237
2022-02-04,4486.536050866445
2022-02-07,4483.555767657396
2022-02-08,4519.097981002507
2022-02-09,4587.151546713327
2022-02-10,4530.674563302102
2022-02-11,4490.795400440957
2022-02-14,4483.29490620333
2022-02-15,4526.235512943213
2022-02-16,4539.761019453738
2022-02-17,4471.186310000639
2022-02-18,4444.802553250572
2022-02-21,4432.25155642279
2022-02-22,4390.4441264352245
2022-02-23,4343.2002595620925
2022-02-24,4400.862332986413
2022-02-25,4455.426679469998
2022-02-28,4460.7458679418205
2022-03-01,4437.119197099962
2022-03-02,4509.767830620746
2022-03-03,4484.412713740374
2022-03-04,4466.509030019115
2022-03-07,4361.7726390701155
2022-03-08,4330.048226558151
2022-03-09,4374.741423429575
2022-03-10,4381.034595693059
2022-03-11,4352.101771268153
2022-03-14,4312.256082897624
2022-03-15,4353.4303183682305
2022-03-16,4464.415421297536
2022-03-17,4497.1697973136115
2022-03-18,4561.6326916855
2022-03-21,4556.406639504999
2022-03-22,4614.629893243329
2022-03-23,4589.98130306758
2022-03-24,4623.42001044038
2022-03-25,4639.574880062496
2022-03-28,4659.222648179051
2022-03-29,4676.905015378589
2022-03-30,4637.850398638568
2022-03-31,4594.407011796985
2022-04-01,4640.438831924602
2022-04-04,4695.474799215732
2022-04-05,4673.227322100277
2022-04-06,4623.532643717105
2022-04-07,4619.781983644837
2022-04-08,4634.179577013322
2022-04-11,4566.906282163022
2022-04-12,4560.374321401068
2022-04-13,4612.8548004125505
2022-04-14,4611.582225204619
2022-04-15,4607.97057851073
2022-04-18,4588.680123305554
2022-04-19,4631.112132000355
2022-04-20,4612.531724833437
2022-04-21,4569.175158532113
2022-04-22,4487.063393897472
2022-04-25,4496.18737727119
2022-04-26,4429.144193234824
2022-04-27,4475.288512395913
2022-04-28,4555.266079116732
2022-04-29,4461.14902026375
2022-05-02,4472.620578938072
2022-05-03,4484.827979894287
2022-05-04,4554.244813126629
2022-05-05,4446.834824836636
2022-05-06,4379.491291433093
2022-05-09,4263.389775144049
2022-05-10,4260.004294849105
2022-05-11,4224.046315389295
2022-05-12,4252.700910052913
2022-05-13,4358.40865657939
2022-05-16,4346.06046995935
2022-05-17,4380.266875192436
2022-05-18,4277.760211729296
2022-05-19,4222.15135709866
2022-05-20,4249.99742343017
2022-05-23,4269.223466565262
2022-05-24,4206.446514507641
2022-05-25,4256.350346867421
2022-05-26,4305.307504873916
2022-05-27,4397.914315216252
2022-05-30,4396.955266020239
2022-05-31,4396.224260161872
2022-06-01,4382.972020236224
2022-06-02,4421.2965236848495
2022-06-03,4372.5226654727785
2022-06-06,4392.848788791925
2022-06-07,4416.2780358172295
2022-06-08,4379.744989086465
2022-06-09,4325.320757914007
2022-06-10,4256.055400933426
2022-06-13,4139.8891758053705
2022-06-14,4117.704667712129
2022-06-15,4162.288039861233
2022-06-16,4026.628718542426
2022-06-17,4035.2689637254657
2022-06-20,4014.2155749464355
2022-06-21,4077.7480653357643
2022-06-22,4045.101389010416
2022-06-23,4089.822076376436
2022-06-24,4191.262076091791
2022-06-27,4184.663067542851
2022-06-28,4165.38521484469
2022-06-29,4155.433984300996
2022-06-30,4119.321160364707
2022-07-01,4160.055125914274
2022-07-04,4158.66463502783
2022-07-05,4213.351166681294
2022-07-06,4234.609906273854
2022-07-07,4314.648672465275
2022-07-08,4318.44288406812
2022-07-11,4300.932075252624
2022-07-12,4281.862112600758
2022-07-13,4245.730433323065
2022-07-14,4254.677696159178
2022-07-15,4288.346725486665
2022-07-18,4249.370468354317
2022-07-19,4317.170218564494
2022-07-20,4361.261931148777
2022-07-21,4400.3658014214725
2022-07-22,4364.6804217053705
2022-07-25,4370.3811395290795
2022-07-26,4370.0385793444
2022-07-27,4449.067283632565
2022-07-28,4490.397164275655
2022-07-29,4523.303726377525
2022-08-01,4496.178659877488
2022-08-02,4492.848024486108
2022-08-03,4562.21722412079
2022-08-04,4539.310163761624
2022-08-05,4553.433873089848
2022-08-08,4542.746191207024
2022-08-09,4516.001201915845
2022-08-10,4544.564552310412
2022-08-11,4558.697184007935
2022-08-12,4654.13691713838
2022-08-15,4687.417558331608
2022-08-16,4696.575031225122
2022-08-17,4671.3369512388135
2022-08-18,4691.289190872138
2022-08-19,4668.35333474214
2022-08-22,4621.446989007568
2022-08-23,4604.565857218292
2022-08-24,4610.4568959177905
2022-08-25,4673.272670691442
2022-08-26,4549.585595998027
2022-08-29,4517.722064247717
2022-08-30,4481.244855894902
2022-08-31,4427.134139723394
2022-09-01,4443.019033720554
2022-09-02,4392.9904088883495
2022-09-05,4425.552524522328
2022-09-06,4412.307121383882
2022-09-07,4432.901296420308
2022-09-08,4465.059845800323
2022-09-09,4504.0449237318135
2022-09-12,4522.19269193781
2022-09-13,4428.067668282535
2022-09-14,4425.24253990701
2022-09-15,4387.310990015527
2022-09-16,4329.025501578293
2022-09-19,4351.324053854106
2022-09-20,4322.61258907392
2022-09-21,4310.800763480604
2022-09-22,4289.164247011132
2022-09-23,4247.937603707036
2022-09-26,4213.093800181446
2022-09-27,4220.916550362473
2022-09-28,4264.190873193789
2022-09-29,4149.071093580123
2022-09-30,4105.841808946028
2022-10-03,4175.605288154882
2022-10-04,4251.710566826848
2022-10-05,4284.333461091864
2022-10-06,4261.07022174319
2022-10-07,4186.833084553149
2022-10-10,4182.180675959911
2022-10-11,4140.255870438301
2022-10-12,4130.2184578889655
2022-10-13,4184.55755994699
2022-10-14,4119.094435070936
2022-10-17,4177.933968071382
2022-10-18,4210.092705587748
2022-10-19,4197.749610044664
2022-10-20,4158.290380300163
2022-10-21,4227.860427540299
2022-10-24,4223.807829005704
2022-10-25,4262.458348399417
2022-10-26,4228.818944356147
2022-10-27,4238.896078652197
2022-10-28,4306.88502125654
2022-10-31,4319.754258269133
2022-11-01,4334.845918194009
2022-11-02,4265.547449565283
2022-11-03,4262.313369306664
2022-11-04,4273.704554495006
2022-11-07,4275.266922729809
2022-11-08,4278.46300043562
2022-11-09,4227.3146708998565
2022-11-10,4345.804867229807
2022-11-11,4361.86835511127
2022-11-14,4331.904361850314
2022-11-15,4364.420612159083
2022-11-16,4312.600434554031
2022-11-17,4316.729884702491
2022-11-18,4327.487375883017
2022-11-21,4346.473975875395
2022-11-22,4377.868157037365
2022-11-23,4372.790470217416
2022-11-24,4378.126070958898
2022-11-25,4374.726411456487
2022-11-28,4321.579862185766
2022-11-29,4343.549437972687
2022-11-30,4460.756299227651
2022-12-01,4412.626815977447
2022-12-02,4406.479910305579
2022-12-05,4333.185864916567
2022-12-06,4289.090454801441
2022-12-07,4270.7906924240315
2022-12-08,4281.432093823214
2022-12-09,4276.410255263061
2022-12-12,4305.626171327028
2022-12-13,4304.252642333513
2022-12-14,4291.470497572854
2022-12-15,4189.524098068151
2022-12-16,4159.703780106243
2022-12-19,4144.086586362083
2022-12-20,4128.538294855341
2022-12-21,4187.5629595298515
2022-12-22,4154.924627526518
2022-12-23,4159.173880830829
2022-12-26,4160.852096383069
2022-12-27,4141.817939430697
2022-12-28,4117.175716855858
2022-12-29,4151.371358631209
2022-12-30,4136.859500805805
2023-01-02,4142.673268414996
2023-01-03,4182.540635640075
2023-01-04,4202.776181386769
2023-01-05,4199.070817661227
2023-01-06,4246.54620189157
2023-01-09,4222.649001679387
2023-01-10,4241.070098431953
2023-01-11,4273.518291247026
2023-01-12,4283.379297243999
2023-01-13,4302.113863466751
2023-01-16,4304.423827424087
2023-01-17,4313.212844023765
2023-01-18,4271.257650477973
2023-01-19,4247.876246686886
2023-01-20,4290.115154985893
2023-01-23,4319.009569669796
2023-01-24,4316.1142940309055
2023-01-25,4308.20101148494
2023-01-26,4361.025859535469
2023-01-27,4378.255322859459
2023-01-30,4326.667712396335
2023-01-31,4364.59833972402
2023-02-01,4381.3544520529
2023-02-02,4427.782753279412
2023-02-03,4420.540563499181
2023-02-06,4421.567797433619
2023-02-07,4474.69223789026
2023-02-08,4437.853719312026
2023-02-09,4405.931135092657
2023-02-10,4427.113229973791
2023-02-13,4444.661330853063
2023-02-14,4449.878566583072
2023-02-15,4468.725024837404
2023-02-16,4440.460475396735
2023-02-17,4425.1455033282255
2023-02-20,4422.658462587975
2023-02-21,4357.088587112554
2023-02-22,4360.501271454557
2023-02-23,4387.0581270477505
2023-02-24,4360.748918737885
2023-02-27,4354.2011944570195
2023-02-28,4343.339548354521
2023-03-01,4316.896363353043
2023-03-02,4357.17637344877
2023-03-03,4419.86561278179
2023-03-06,4394.692006515304
2023-03-07,4375.945476402377
2023-03-08,4385.655860527595
2023-03-09,4325.352809181155
2023-03-10,4220.075629356584
2023-03-13,4181.206398148734
2023-03-14,4218.424664903541
2023-03-15,4243.658252069489
2023-03-16,4260.6392480531795
2023-03-17,4222.675555619007
2023-03-20,4218.679765297093
2023-03-21,4251.629650854697
2023-03-22,4209.652536406474
2023-03-23,4192.984554834646
2023-03-24,4235.668221697964
2023-03-27,4239.624404848839
2023-03-28,4226.3857418314465
2023-03-29,4279.3232725994185
2023-03-30,4279.361457679477
2023-03-31,4345.088466521287
2023-04-03,4352.238953741095
2023-04-04,4307.348500287795
2023-04-05,4311.29528817273
2023-04-06,4312.66221714385
2023-04-07,4314.519298035285
2023-04-10,4345.766263938784
2023-04-11,4337.467309948491
2023-04-12,4307.9130169223545
2023-04-13,4328.009034357537
2023-04-14,4339.387852429834
2023-04-17,4380.846488844026
2023-04-18,4371.7246831794655
2023-04-19,4365.493180805944
2023-04-20,4342.4038070868655
2023-04-21,4340.510998022292
2023-04-24,4322.470033746375
2023-04-25,4285.103773072563
2023-04-26,4246.762192844936
2023-04-27,4309.285132123896
2023-04-28,4329.41452922262
2023-05-01,4350.009706050774
2023-05-02,4306.996844517642
2023-05-03,4268.980516966482
2023-05-04,4269.232952692608
2023-05-05,4328.878530840787
2023-05-08,4337.142129883379
2023-05-09,4341.487054874971
2023-05-10,4344.311354189101
2023-05-11,4353.221625715435
2023-05-12,4366.289856232139
2023-05-15,4383.774219153019
2023-05-16,4359.318933869793
2023-05-17,4404.215375743293
2023-05-18,4453.00129777267
2023-05-19,4447.205673044046
2023-05-22,4452.3921645288465
2023-05-23,4420.66511367887
2023-05-24,4383.564855563438
2023-05-25,4402.366759739681
2023-05-26,4457.361859992403
2023-05-29,4459.957738172648
2023-05-30,4445.841108035582
2023-05-31,4432.590940209035
2023-06-01,4449.334874419892
2023-06-02,4525.405350080874
2023-06-05,4526.714906283988
2023-06-06,4553.044930489875
2023-06-07,4539.07356639721
2023-06-08,4530.891145026272
2023-06-09,4544.189402011484
2023-06-12,4576.2750262767895
2023-06-13,4592.413088990082
2023-06-14,4583.063682155503
2023-06-15,4599.236119957713
2023-06-16,4590.502633175155
2023-06-19,4578.612845733542
2023-06-20,4562.099775890096
2023-06-21,4520.420318452296
2023-06-22,4517.551506705617
2023-06-23,4503.586519293331
2023-06-26,4483.11527516604
2023-06-27,4505.537251214451
2023-06-28,4531.242828122119
2023-06-29,4549.364818411535
2023-06-30,4585.176620466943
2023-07-03,4603.673739308151
2023-07-04,4607.339503304546
2023-07-05,4599.295062860706
2023-07-06,4544.119934157694
2023-07-07,4512.272058560526
2023-07-10,4514.7004937112915
2023-07-11,4546.726033086615
2023-07-12,4544.74654728449
2023-07-13,4564.9973875301885
2023-07-14,4544.837572591336
2023-07-17,4554.771542111435
2023-07-18,4579.450456397597
2023-07-19,4606.199453629305
2023-07-20,4598.673948372916
2023-07-21,4608.2583002388055
2023-07-24,4633.179279657323
2023-07-25,4667.004442314648
2023-07-26,4660.143400662762
2023-07-27,4675.8453231293815
2023-07-28,4693.778107816024
2023-07-31,4711.443276319696
2023-08-01,4707.841652389778
2023-08-02,4653.558785366674
2023-08-03,4635.478354775347
2023-08-04,4594.962083213494
2023-08-07,4624.444706079667
2023-08-08,4620.390808875365
2023-08-09,4591.179700120766
2023-08-10,4587.449981828966
2023-08-11,4587.612020628728
2023-08-14,4614.07905933373
2023-08-15,4558.730168622301
2023-08-16,4537.500840260035
2023-08-17,4510.87025904278
2023-08-18,4508.221655425951
2023-08-21,4516.2816508344595
2023-08-22,4533.870037753307
2023-08-23,4577.270216417893
2023-08-24,4543.5390231467845
2023-08-25,4574.678658872253
2023-08-28,4596.5619729190685
2023-08-29,4646.680081142591
2023-08-30,4627.813628539044
2023-08-31,4650.56269971063
2023-09-01,4680.335751654003
2023-09-04,4695.582948259897
2023-09-05,4696.6939475569025
2023-09-06,4670.911658240743
2023-09-07,4655.0641837037465
2023-09-08,4652.273167606339
2023-09-11,4668.250069738445
2023-09-12,4663.850619537711
2023-09-13,4651.535557537952
2023-09-14,4725.849042298459
2023-09-15,4696.791399278155
2023-09-18,4679.914057970708
2023-09-19,4665.44329325819
2023-09-20,4630.291805175377
2023-09-21,4578.211548888343
2023-09-22,4574.079443264765
2023-09-25,4605.120379567453
2023-09-26,4547.7359304252
2023-09-27,4576.044603594456
2023-09-28,4575.639708965368
2023-09-29,4565.487654242356
2023-10-02,4579.296911240565
2023-10-03,4524.752550529126
2023-10-04,4524.986836010645
2023-10-05,4519.000972609101
2023-10-06,4559.129419921174
2023-10-09,4573.814435472507
2023-10-10,4598.295464635509
2023-10-11,4608.257818475661
2023-10-12,4615.253618666585
2023-10-13,4599.920123405417
2023-10-16,4610.632503851569
2023-10-17,4609.593496546791
2023-10-18,4567.980588815334
2023-10-19,4508.603080570046
2023-10-20,4450.9396480320565
2023-10-23,4421.010214402711
2023-10-24,4457.6388118134855
2023-10-25,4419.396008314421
2023-10-26,4391.995465720588
2023-10-27,4368.756174455856
2023-10-30,4388.175600739924
2023-10-31,4421.805780072568
2023-11-01,4476.024401785512
2023-11-02,4528.909426078153
2023-11-03,4537.306394346803
2023-11-06,4547.732876631596
2023-11-07,4564.344157298936
2023-11-08,4552.74395727672
2023-11-09,4534.187694659554
2023-11-10,4579.223037298842
2023-11-13,4577.463323989335
2023-11-14,4607.91768242952
2023-11-15,4625.284564075735
2023-11-16,4613.3189211915915
2023-11-17,4626.27508191973
2023-11-20,4635.494780022508
2023-11-21,4630.191064982271
2023-11-22,4664.284220570847
2023-11-23,4653.420670002894
2023-11-24,4647.3210366732455
2023-11-27,4639.352261498419
2023-11-28,4628.799192312371
2023-11-29,4634.380728557481
2023-11-30,4677.142882498821
2023-12-01,4737.073190957213
2023-12-04,4729.645241361418
2023-12-05,4721.175290770668
2023-12-06,4726.88779016781
2023-12-07,4750.631554773644
2023-12-08,4773.590041187347
2023-12-11,4795.22930051192
2023-12-12,4793.642978815845
2023-12-13,4838.531339928018
2023-12-14,4807.215678047843
2023-12-15,4839.666887077923
2023-12-18,4843.619267622455
2023-12-19,4846.049371002079
2023-12-20,4807.4984722017925
2023-12-21,4834.877637927903
2023-12-22,4834.114860670492
2023-12-25,4834.6747153283195
2023-12-26,4846.8242413354965
2023-12-27,4836.917663420163
2023-12-28,4847.106779740897
2023-12-29,4859.225399770739
2024-01-01,4860.050785932316
2024-01-02,4868.822297238816
2024-01-03,4832.845963144022
2024-01-04,4809.8306374573185
2024-01-05,4807.50239664859
2024-01-08,4853.865674924159
2024-01-09,4865.99706456588
2024-01-10,4860.61119426668
2024-01-11,4865.964180008092
2024-01-12,4872.407854269323
2024-01-15,4874.52463431564
2024-01-16,4871.348607616969
2024-01-17,4836.009886952476
2024-01-18,4867.464675797332
2024-01-19,4901.615718261409
2024-01-22,4920.717304408616
2024-01-23,4947.64958712589
2024-01-24,4937.590206484285
2024-01-25,4985.576022783005
2024-01-26,4974.849015105687
2024-01-29,5036.746602751222
2024-01-30,5013.389176192218
2024-01-31,4954.73291070907
2024-02-01,5002.608207229085
2024-02-02,5043.145810471904
2024-02-05,5053.582085050591
2024-02-06,5069.963473429444
2024-02-07,5091.13889095394
2024-02-08,5091.292865909413
2024-02-09,5101.420775272625
2024-02-12,5114.284622492164
2024-02-13,5076.207211915648
2024-02-14,5113.661614024765
2024-02-15,5136.770717542562
2024-02-16,5130.093867196171
2024-02-19,5134.74992914007
2024-02-20,5090.224145056474
2024-02-21,5095.937602824715
2024-02-22,5174.579326531372
2024-02-23,5174.766645182956
2024-02-26,5149.107388919626
2024-02-27,5163.679483560128
2024-02-28,5152.562967915519
2024-02-29,5181.403324667474
2024-03-01,5214.01063080301
2024-03-04,5200.966929387664
2024-03-05,5159.688269852619
2024-03-06,5173.636736160124
2024-03-07,5212.087722144311
2024-03-08,5187.27969174543
2024-03-11,5183.946418282046
2024-03-12,5230.747150113342
2024-03-13,5215.987170935605
2024-03-14,5223.01461771685
2024-03-15,5192.6512681674
2024-03-18,5218.424193763575
2024-03-19,5243.545965865696
2024-03-20,5280.597944942334
2024-03-21,5315.3032578313505
2024-03-22,5321.962606640895
2024-03-25,5300.008386890635
2024-03-26,5298.478656365507
2024-03-27,5337.4321724013835
2024-03-28,5353.422256439061
2024-03-29,5356.732829915879
2024-04-01,5363.824160519771
2024-04-02,5323.794825178514
2024-04-03,5302.816127406717
2024-04-04,5252.640784488922
2024-04-05,5296.725337419357
2024-04-08,5292.197819264017
2024-04-09,5299.605011097718
2024-04-10,5302.835129316223
2024-04-11,5340.552502977614
2024-04-12,5314.591199517887
2024-04-15,5262.068912471672
2024-04-16,5218.258077444624
2024-04-17,5194.181049581954
2024-04-18,5188.027616442758
2024-04-19,5142.197245092138
2024-04-22,5196.80930933979
2024-04-23,5232.720280911698
2024-04-24,5246.515179934789
2024-04-25,5207.729234653372
2024-04-26,5269.682135847025
2024-04-29,5278.188030546959
2024-04-30,5226.694797754902
2024-05-01,5216.519658886185
2024-05-02,5260.625574806012
2024-05-03,5281.167844143659
2024-05-06,5319.075344880187
2024-05-07,5335.8503826680635
2024-05-08,5339.9335009787865
2024-05-09,5349.548639662579
2024-05-10,5370.35926360936
2024-05-13,5356.700483990472
2024-05-14,5369.338135983364
2024-05-15,5406.131820009848
2024-05-16,5402.274178432631
2024-05-17,5405.824981811369
2024-05-20,5419.6512238468895
2024-05-21,5420.373934274273
2024-05-22,5413.178910379514
2024-05-23,5385.4230045619
2024-05-24,5394.805794713588
2024-05-27,5401.2985076974155
2024-05-28,5386.880366327006
2024-05-29,5359.764704577824
2024-05-30,5331.086679655864
2024-05-31,5354.961789833543
2024-06-03,5368.273827467576
2024-06-04,5349.513242787273
2024-06-05,5401.515332172995
2024-06-06,5408.6703109981045
2024-06-07,5424.523512793184
2024-06-10,5468.457726931406
2024-06-11,5466.431994299803
2024-06-12,5457.444812874257
2024-06-13,5480.05897464626
2024-06-14,5503.953018257593
2024-06-17,5510.209807318296
2024-06-18,5522.759085517703
2024-06-19,5525.428132337843
2024-06-20,5533.762487264852
2024-06-21,5535.213254968887
2024-06-24,5513.439368574057
2024-06-25,5541.991995300703
2024-06-26,5550.487298061607
2024-06-27,5537.781626379432
2024-06-28,5526.550258504455
2024-07-01,5529.0141568735235
2024-07-02,5541.7347386030415
2024-07-03,5550.489479028576
2024-07-04,5565.736698563216
2024-07-05,5571.385245227534
2024-07-08,5571.423629791904
2024-07-09,5576.973136271844
2024-07-10,5620.048367618119
2024-07-11,5601.18778198302
2024-07-12,5615.756176249639
2024-07-15,5616.973745857945
2024-07-16,5661.128001511877
2024-07-17,5584.5478107907775
2024-07-18,5549.418346025826
2024-07-19,5517.9403672336
2024-07-22,5561.645438525578
2024-07-23,5580.239623684089
2024-07-24,5485.4866696724175
2024-07-25,5449.918892545133
2024-07-26,5497.498265408833
2024-07-29,5522.165416706177
2024-07-30,5510.261937473696
2024-07-31,5586.524278652924
2024-08-01,5524.989872324316
2024-08-02,5344.793308856068
2024-08-05,5143.916791041611
2024-08-06,5227.391800786713
2024-08-07,5225.204607556037
2024-08-08,5311.979753334166
2024-08-09,5339.944517509344
2024-08-12,5335.15568088458
2024-08-13,5400.414607005048
2024-08-14,5391.205869721193
2024-08-15,5481.184188450135
2024-08-16,5510.321769634657
2024-08-19,5525.564100836593
2024-08-20,5497.984041460107
2024-08-21,5512.1799154397195
2024-08-22,5486.818398421493
2024-08-23,5517.487512796468
2024-08-26,5511.123906266298
2024-08-27,5519.833162707841
2024-08-28,5514.164330902896
2024-08-29,5545.180055831328
2024-08-30,5587.870528944082
2024-09-02,5582.649679579997
2024-09-03,5505.189150424012
2024-09-04,5452.282052686913
2024-09-05,5443.25068080688
2024-09-06,5356.516031974975
2024-09-09,5423.304767266705
2024-09-10,5442.459501428772
2024-09-11,5477.712228214384
2024-09-12,5517.735323118761
2024-09-13,5535.027702028539
2024-09-16,5529.334207288616
2024-09-17,5532.904864604246
2024-09-18,5521.705623592239
2024-09-19,5603.943182467869
2024-09-20,5580.883482933754
2024-09-23,5603.66047365949
2024-09-24,5622.985865640766
2024-09-25,5602.945907115513
2024-09-26,5654.1985343688975
2024-09-27,5667.25211262366
2024-09-30,5669.365967854658
2024-10-01,5672.818157974286
2024-10-02,5689.165994165932
2024-10-03,5675.588297964399
2024-10-04,5736.003346354066
2024-10-07,5708.046062998021
2024-10-08,5714.953289486028
2024-10-09,5752.002609977159
2024-10-10,5761.969249875022
2024-10-11,5784.884056023043
2024-10-14,5829.395795801248
2024-10-15,5800.675190069817
2024-10-16,5822.702145519037
2024-10-17,5848.786097206411
2024-10-18,5861.993490186811
2024-10-21,5848.69586494757
2024-10-22,5843.7976938792035
2024-10-23,5815.252097971538
2024-10-24,5812.556132034029
2024-10-25,5789.993664601715
2024-10-28,5816.428818128558
2024-10-29,5827.759588624404
2024-10-30,5774.794218581851
2024-10-31,5696.536859754283
2024-11-01,5718.653406541424
2024-11-04,5692.0895383542875
2024-11-05,5747.5487767872355
2024-11-06,5923.040998344553
2024-11-07,5933.754512580739
2024-11-08,5973.2072380608115
